<?xml version="1.0" ?>
<settings>
  <generalSettings>
    <isListening>yes</isListening>
    <uuid>6ce109bd-d11d-b211-ad75-ec74e2521be7</uuid>
    <basicPort>10005</basicPort>
    <entryPoint>127.0.0.1:10001</entryPoint>
  </generalSettings>
  <entryPointSettings>
    <isEntryPoint>yes</isEntryPoint>
    <allow>127.0.0.1</allow>
  </entryPointSettings>
  <debugSettings>
    <isListening>yes</isListening>
    <debugPort>60005</debugPort>
  </debugSettings>
  <loggerSettings>
    <level>debug</level>
  </loggerSettings>
</settings>
