<?xml version="1.0" ?>
<settings>
  <generalSettings>
    <isListening>yes</isListening>
    <uuid>7e2b5420-d21d-b211-af3e-eb2346a0cbd6</uuid>
    <basicPort>10006</basicPort>
    <entryPoint>127.0.0.1:10001</entryPoint>
  </generalSettings>
  <entryPointSettings>
    <isEntryPoint>yes</isEntryPoint>
    <allow>127.0.0.1</allow>
  </entryPointSettings>
  <debugSettings>
    <isListening>yes</isListening>
    <debugPort>60006</debugPort>
  </debugSettings>
  <loggerSettings>
    <level>debug</level>
  </loggerSettings>
</settings>
