<?xml version="1.0" ?>
<settings>
  <generalSettings>
    <isListening>yes</isListening>
    <uuid>d2a96222-d21d-b211-8e44-fbe4e38efc95</uuid>
    <basicPort>10004</basicPort>
    <entryPoint>127.0.0.1:10001</entryPoint>
  </generalSettings>
  <entryPointSettings>
    <isEntryPoint>yes</isEntryPoint>
    <allow>127.0.0.1</allow>
  </entryPointSettings>
  <debugSettings>
    <isListening>yes</isListening>
    <debugPort>60004</debugPort>
  </debugSettings>
  <loggerSettings>
    <level>debug</level>
  </loggerSettings>
</settings>
