<?xml version="1.0" ?>
<settings>
  <generalSettings>
    <isListening>yes</isListening>
    <uuid>ca42f6ff-d11d-b211-b95e-f4bbb877f0b6</uuid>
    <basicPort>10002</basicPort>
    <entryPoint>127.0.0.1:10001</entryPoint>
  </generalSettings>
  <entryPointSettings>
    <isEntryPoint>no</isEntryPoint>
  </entryPointSettings>
  <debugSettings>
    <isListening>yes</isListening>
    <debugPort>60002</debugPort>
  </debugSettings>
  <loggerSettings>
    <level>debug</level>
  </loggerSettings>
</settings>
