<?xml version="1.0" ?>
<settings>
  <generalSettings>
    <isListening>yes</isListening>
    <uuid>189522dc-d11d-b211-9aa1-90e0f4e9d90c</uuid>
    <basicPort>10003</basicPort>
    <entryPoint>127.0.0.1:10001</entryPoint>
  </generalSettings>
  <entryPointSettings>
    <isEntryPoint>yes</isEntryPoint>
    <allow>127.0.0.1</allow>
  </entryPointSettings>
  <debugSettings>
    <isListening>yes</isListening>
    <debugPort>60003</debugPort>
  </debugSettings>
  <loggerSettings>
    <level>debug</level>
  </loggerSettings>
</settings>
